index,album,singer,date
1,눈물의 여왕 OST Part.4,Crush,2024.03.24
2,사랑한다는 그 이유만으로,정동하,2024.03.24
3,사랑한 만큼만,김동현,2024.03.24
4,멱살 한번 잡힙시다 OST Part 2,이석훈,2024.03.24
5,꽃,김조한,2024.03.23
6,Look Back,OWA(오와),2024.03.23
7,푸바오와 할부지 OST Part.1,정우 (JUNGWOO),2024.03.23
8,내 모든 순간을 너와,우은미 (Woo Eun Mi),2024.03.24
9,계절이 바뀌어 사라지는 것들,FROMDEAR (프롬디어),2024.03.24
10,아홀로틀 Vol.4,아홀로틀 (Axolotl),2024.03.24
11,행복했으면 좋겠어,황인혁,2024.03.23
12,널 사랑해서 잊지 못했어,김동하,2024.03.23
13,별이 되어주고 싶었어,백지영,2024.03.22
14,우리 다시 만날 수 있을까,어반폴리,2024.03.23
15,잃어버린 것들 (Lost things),Leni.M (승호),2024.03.22
